month,rise,set
2024-01-01,07:18 AM,04:30 PM
2024-02-01,07:04 AM,05:05 PM
2024-03-01,06:25 AM,05:42 PM
2024-04-01,05:33 AM,06:17 PM
2024-05-01,04:46 AM,06:50 PM
2024-06-01,04:18 AM,07:20 PM
2024-07-01,04:20 AM,07:29 PM
2024-08-01,04:45 AM,07:08 PM
2024-09-01,05:17 AM,06:23 PM
2024-10-01,05:48 AM,05:31 PM
2024-11-01,06:24 AM,04:44 PM
2024-12-01,06:59 AM,04:20 PM
2024-01-02,07:18 AM,04:31 PM
2024-02-02,07:02 AM,05:07 PM
2024-03-02,06:23 AM,05:43 PM
2024-04-02,05:31 AM,06:18 PM
2024-05-02,04:45 AM,06:51 PM
2024-06-02,04:17 AM,07:21 PM
2024-07-02,04:20 AM,07:29 PM
2024-08-02,04:46 AM,07:07 PM
2024-09-02,05:18 AM,06:21 PM
2024-10-02,05:49 AM,05:30 PM
2024-11-02,06:25 AM,04:43 PM
2024-12-02,07:00 AM,04:20 PM
2024-01-03,07:18 AM,04:32 PM
2024-02-03,07:01 AM,05:08 PM
2024-03-03,06:21 AM,05:44 PM
2024-04-03,05:29 AM,06:19 PM
2024-05-03,04:44 AM,06:52 PM
2024-06-03,04:17 AM,07:21 PM
2024-07-03,04:21 AM,07:29 PM
2024-08-03,04:47 AM,07:06 PM
2024-09-03,05:19 AM,06:20 PM
2024-10-03,05:50 AM,05:28 PM
2024-11-03,06:26 AM,04:42 PM
2024-12-03,07:01 AM,04:20 PM
2024-01-04,07:18 AM,04:33 PM
2024-02-04,07:00 AM,05:09 PM
2024-03-04,06:20 AM,05:45 PM
2024-04-04,05:28 AM,06:20 PM
2024-05-04,04:42 AM,06:53 PM
2024-06-04,04:17 AM,07:22 PM
2024-07-04,04:21 AM,07:29 PM
2024-08-04,04:48 AM,07:05 PM
2024-09-04,05:20 AM,06:18 PM
2024-10-04,05:51 AM,05:26 PM
2024-11-04,06:27 AM,04:41 PM
2024-12-04,07:02 AM,04:20 PM
2024-01-05,07:18 AM,04:34 PM
2024-02-05,06:59 AM,05:11 PM
2024-03-05,06:18 AM,05:46 PM
2024-04-05,05:26 AM,06:21 PM
2024-05-05,04:41 AM,06:54 PM
2024-06-05,04:16 AM,07:23 PM
2024-07-05,04:22 AM,07:29 PM
2024-08-05,04:49 AM,07:03 PM
2024-09-05,05:21 AM,06:16 PM
2024-10-05,05:53 AM,05:25 PM
2024-11-05,06:29 AM,04:39 PM
2024-12-05,07:03 AM,04:20 PM
2024-01-06,07:18 AM,04:35 PM
2024-02-06,06:58 AM,05:12 PM
2024-03-06,06:17 AM,05:48 PM
2024-04-06,05:24 AM,06:22 PM
2024-05-06,04:40 AM,06:55 PM
2024-06-06,04:16 AM,07:23 PM
2024-07-06,04:23 AM,07:28 PM
2024-08-06,04:50 AM,07:02 PM
2024-09-06,05:22 AM,06:15 PM
2024-10-06,05:54 AM,05:23 PM
2024-11-06,06:30 AM,04:38 PM
2024-12-06,07:04 AM,04:20 PM
2024-01-07,07:18 AM,04:36 PM
2024-02-07,06:57 AM,05:13 PM
2024-03-07,06:15 AM,05:49 PM
2024-04-07,05:23 AM,06:23 PM
2024-05-07,04:39 AM,06:56 PM
2024-06-07,04:16 AM,07:24 PM
2024-07-07,04:23 AM,07:28 PM
2024-08-07,04:51 AM,07:01 PM
2024-09-07,05:23 AM,06:13 PM
2024-10-07,05:55 AM,05:21 PM
2024-11-07,06:31 AM,04:37 PM
2024-12-07,07:05 AM,04:20 PM
2024-01-08,07:18 AM,04:37 PM
2024-02-08,06:56 AM,05:14 PM
2024-03-08,06:13 AM,05:50 PM
2024-04-08,05:21 AM,06:25 PM
2024-05-08,04:38 AM,06:57 PM
2024-06-08,04:16 AM,07:24 PM
2024-07-08,04:24 AM,07:27 PM
2024-08-08,04:52 AM,07:00 PM
2024-09-08,05:24 AM,06:11 PM
2024-10-08,05:56 AM,05:20 PM
2024-11-08,06:32 AM,04:36 PM
2024-12-08,07:06 AM,04:20 PM
2024-01-09,07:18 AM,04:38 PM
2024-02-09,06:55 AM,05:16 PM
2024-03-09,06:12 AM,05:51 PM
2024-04-09,05:19 AM,06:26 PM
2024-05-09,04:36 AM,06:58 PM
2024-06-09,04:15 AM,07:25 PM
2024-07-09,04:25 AM,07:27 PM
2024-08-09,04:53 AM,06:58 PM
2024-09-09,05:25 AM,06:10 PM
2024-10-09,05:57 AM,05:18 PM
2024-11-09,06:34 AM,04:35 PM
2024-12-09,07:07 AM,04:20 PM
2024-01-10,07:18 AM,04:39 PM
2024-02-10,06:53 AM,05:17 PM
2024-03-10,06:10 AM,05:52 PM
2024-04-10,05:18 AM,06:27 PM
2024-05-10,04:35 AM,07:00 PM
2024-06-10,04:15 AM,07:26 PM
2024-07-10,04:26 AM,07:27 PM
2024-08-10,04:54 AM,06:57 PM
2024-09-10,05:26 AM,06:08 PM
2024-10-10,05:58 AM,05:16 PM
2024-11-10,06:35 AM,04:34 PM
2024-12-10,07:08 AM,04:20 PM
2024-01-11,07:17 AM,04:40 PM
2024-02-11,06:52 AM,05:18 PM
2024-03-11,06:08 AM,05:53 PM
2024-04-11,05:16 AM,06:28 PM
2024-05-11,04:34 AM,07:01 PM
2024-06-11,04:15 AM,07:26 PM
2024-07-11,04:26 AM,07:26 PM
2024-08-11,04:55 AM,06:56 PM
2024-09-11,05:27 AM,06:06 PM
2024-10-11,05:59 AM,05:15 PM
2024-11-11,06:36 AM,04:33 PM
2024-12-11,07:09 AM,04:20 PM
2024-01-12,07:17 AM,04:41 PM
2024-02-12,06:51 AM,05:20 PM
2024-03-12,06:07 AM,05:55 PM
2024-04-12,05:14 AM,06:29 PM
2024-05-12,04:33 AM,07:02 PM
2024-06-12,04:15 AM,07:27 PM
2024-07-12,04:27 AM,07:26 PM
2024-08-12,04:56 AM,06:54 PM
2024-09-12,05:28 AM,06:04 PM
2024-10-12,06:00 AM,05:13 PM
2024-11-12,06:37 AM,04:32 PM
2024-12-12,07:09 AM,04:20 PM
2024-01-13,07:17 AM,04:42 PM
2024-02-13,06:50 AM,05:21 PM
2024-03-13,06:05 AM,05:56 PM
2024-04-13,05:13 AM,06:30 PM
2024-05-13,04:32 AM,07:03 PM
2024-06-13,04:15 AM,07:27 PM
2024-07-13,04:28 AM,07:25 PM
2024-08-13,04:57 AM,06:53 PM
2024-09-13,05:29 AM,06:03 PM
2024-10-13,06:01 AM,05:11 PM
2024-11-13,06:39 AM,04:31 PM
2024-12-13,07:10 AM,04:20 PM
2024-01-14,07:16 AM,04:43 PM
2024-02-14,06:48 AM,05:22 PM
2024-03-14,06:03 AM,05:57 PM
2024-04-14,05:11 AM,06:31 PM
2024-05-14,04:31 AM,07:04 PM
2024-06-14,04:15 AM,07:27 PM
2024-07-14,04:29 AM,07:24 PM
2024-08-14,04:59 AM,06:51 PM
2024-09-14,05:30 AM,06:01 PM
2024-10-14,06:03 AM,05:10 PM
2024-11-14,06:40 AM,04:30 PM
2024-12-14,07:11 AM,04:20 PM
2024-01-15,07:16 AM,04:44 PM
2024-02-15,06:47 AM,05:23 PM
2024-03-15,06:02 AM,05:58 PM
2024-04-15,05:10 AM,06:32 PM
2024-05-15,04:30 AM,07:05 PM
2024-06-15,04:15 AM,07:28 PM
2024-07-15,04:29 AM,07:24 PM
2024-08-15,05:00 AM,06:50 PM
2024-09-15,05:31 AM,05:59 PM
2024-10-15,06:04 AM,05:08 PM
2024-11-15,06:41 AM,04:29 PM
2024-12-15,07:12 AM,04:21 PM
2024-01-16,07:16 AM,04:46 PM
2024-02-16,06:46 AM,05:25 PM
2024-03-16,06:00 AM,05:59 PM
2024-04-16,05:08 AM,06:33 PM
2024-05-16,04:29 AM,07:06 PM
2024-06-16,04:15 AM,07:28 PM
2024-07-16,04:30 AM,07:23 PM
2024-08-16,05:01 AM,06:48 PM
2024-09-16,05:33 AM,05:57 PM
2024-10-16,06:05 AM,05:07 PM
2024-11-16,06:42 AM,04:29 PM
2024-12-16,07:12 AM,04:21 PM
2024-01-17,07:15 AM,04:47 PM
2024-02-17,06:44 AM,05:26 PM
2024-03-17,05:58 AM,06:00 PM
2024-04-17,05:06 AM,06:35 PM
2024-05-17,04:28 AM,07:07 PM
2024-06-17,04:15 AM,07:28 PM
2024-07-17,04:31 AM,07:22 PM
2024-08-17,05:02 AM,06:47 PM
2024-09-17,05:34 AM,05:56 PM
2024-10-17,06:06 AM,05:05 PM
2024-11-17,06:43 AM,04:28 PM
2024-12-17,07:13 AM,04:21 PM
2024-01-18,07:14 AM,04:48 PM
2024-02-18,06:43 AM,05:27 PM
2024-03-18,05:56 AM,06:01 PM
2024-04-18,05:05 AM,06:36 PM
2024-05-18,04:27 AM,07:08 PM
2024-06-18,04:15 AM,07:29 PM
2024-07-18,04:32 AM,07:22 PM
2024-08-18,05:03 AM,06:45 PM
2024-09-18,05:35 AM,05:54 PM
2024-10-18,06:07 AM,05:04 PM
2024-11-18,06:45 AM,04:27 PM
2024-12-18,07:14 AM,04:22 PM
2024-01-19,07:14 AM,04:49 PM
2024-02-19,06:41 AM,05:28 PM
2024-03-19,05:55 AM,06:02 PM
2024-04-19,05:03 AM,06:37 PM
2024-05-19,04:26 AM,07:09 PM
2024-06-19,04:16 AM,07:29 PM
2024-07-19,04:33 AM,07:21 PM
2024-08-19,05:04 AM,06:44 PM
2024-09-19,05:36 AM,05:52 PM
2024-10-19,06:08 AM,05:02 PM
2024-11-19,06:46 AM,04:26 PM
2024-12-19,07:14 AM,04:22 PM
2024-01-20,07:13 AM,04:50 PM
2024-02-20,06:40 AM,05:30 PM
2024-03-20,05:53 AM,06:04 PM
2024-04-20,05:02 AM,06:38 PM
2024-05-20,04:26 AM,07:10 PM
2024-06-20,04:16 AM,07:29 PM
2024-07-20,04:34 AM,07:20 PM
2024-08-20,05:05 AM,06:42 PM
2024-09-20,05:37 AM,05:50 PM
2024-10-20,06:09 AM,05:01 PM
2024-11-20,06:47 AM,04:26 PM
2024-12-20,07:15 AM,04:23 PM
2024-01-21,07:13 AM,04:52 PM
2024-02-21,06:38 AM,05:31 PM
2024-03-21,05:51 AM,06:05 PM
2024-04-21,05:00 AM,06:39 PM
2024-05-21,04:25 AM,07:10 PM
2024-06-21,04:16 AM,07:29 PM
2024-07-21,04:35 AM,07:19 PM
2024-08-21,05:06 AM,06:41 PM
2024-09-21,05:38 AM,05:49 PM
2024-10-21,06:11 AM,04:59 PM
2024-11-21,06:48 AM,04:25 PM
2024-12-21,07:15 AM,04:23 PM
2024-01-22,07:12 AM,04:53 PM
2024-02-22,06:37 AM,05:32 PM
2024-03-22,05:50 AM,06:06 PM
2024-04-22,04:59 AM,06:40 PM
2024-05-22,04:24 AM,07:11 PM
2024-06-22,04:16 AM,07:30 PM
2024-07-22,04:36 AM,07:18 PM
2024-08-22,05:07 AM,06:39 PM
2024-09-22,05:39 AM,05:47 PM
2024-10-22,06:12 AM,04:58 PM
2024-11-22,06:49 AM,04:24 PM
2024-12-22,07:16 AM,04:24 PM
2024-01-23,07:11 AM,04:54 PM
2024-02-23,06:36 AM,05:33 PM
2024-03-23,05:48 AM,06:07 PM
2024-04-23,04:57 AM,06:41 PM
2024-05-23,04:23 AM,07:12 PM
2024-06-23,04:16 AM,07:30 PM
2024-07-23,04:36 AM,07:17 PM
2024-08-23,05:08 AM,06:38 PM
2024-09-23,05:40 AM,05:45 PM
2024-10-23,06:13 AM,04:56 PM
2024-11-23,06:50 AM,04:24 PM
2024-12-23,07:16 AM,04:24 PM
2024-01-24,07:11 AM,04:55 PM
2024-02-24,06:34 AM,05:34 PM
2024-03-24,05:46 AM,06:08 PM
2024-04-24,04:56 AM,06:42 PM
2024-05-24,04:23 AM,07:13 PM
2024-06-24,04:17 AM,07:30 PM
2024-07-24,04:37 AM,07:17 PM
2024-08-24,05:09 AM,06:36 PM
2024-09-24,05:41 AM,05:43 PM
2024-10-24,06:14 AM,04:55 PM
2024-11-24,06:52 AM,04:23 PM
2024-12-24,07:16 AM,04:25 PM
2024-01-25,07:10 AM,04:57 PM
2024-02-25,06:32 AM,05:36 PM
2024-03-25,05:44 AM,06:09 PM
2024-04-25,04:55 AM,06:43 PM
2024-05-25,04:22 AM,07:14 PM
2024-06-25,04:17 AM,07:30 PM
2024-07-25,04:38 AM,07:16 PM
2024-08-25,05:10 AM,06:35 PM
2024-09-25,05:42 AM,05:42 PM
2024-10-25,06:15 AM,04:53 PM
2024-11-25,06:53 AM,04:23 PM
2024-12-25,07:17 AM,04:25 PM
2024-01-26,07:09 AM,04:58 PM
2024-02-26,06:31 AM,05:37 PM
2024-03-26,05:43 AM,06:10 PM
2024-04-26,04:53 AM,06:44 PM
2024-05-26,04:21 AM,07:15 PM
2024-06-26,04:17 AM,07:30 PM
2024-07-26,04:39 AM,07:15 PM
2024-08-26,05:11 AM,06:33 PM
2024-09-26,05:43 AM,05:40 PM
2024-10-26,06:17 AM,04:52 PM
2024-11-26,06:54 AM,04:22 PM
2024-12-26,07:17 AM,04:26 PM
2024-01-27,07:08 AM,04:59 PM
2024-02-27,06:29 AM,05:38 PM
2024-03-27,05:41 AM,06:11 PM
2024-04-27,04:52 AM,06:46 PM
2024-05-27,04:21 AM,07:16 PM
2024-06-27,04:18 AM,07:30 PM
2024-07-27,04:40 AM,07:14 PM
2024-08-27,05:12 AM,06:31 PM
2024-09-27,05:44 AM,05:38 PM
2024-10-27,06:18 AM,04:51 PM
2024-11-27,06:55 AM,04:22 PM
2024-12-27,07:17 AM,04:27 PM
2024-01-28,07:07 AM,05:00 PM
2024-02-28,06:28 AM,05:39 PM
2024-03-28,05:39 AM,06:12 PM
2024-04-28,04:50 AM,06:47 PM
2024-05-28,04:20 AM,07:17 PM
2024-06-28,04:18 AM,07:30 PM
2024-07-28,04:41 AM,07:13 PM
2024-08-28,05:13 AM,06:30 PM
2024-09-28,05:45 AM,05:36 PM
2024-10-28,06:19 AM,04:49 PM
2024-11-28,06:56 AM,04:21 PM
2024-12-28,07:18 AM,04:28 PM
2024-01-29,07:06 AM,05:02 PM
2024-02-29,06:26 AM,05:41 PM
2024-03-29,05:38 AM,06:14 PM
2024-04-29,04:49 AM,06:48 PM
2024-05-29,04:19 AM,07:17 PM
2024-06-29,04:19 AM,07:30 PM
2024-07-29,04:42 AM,07:12 PM
2024-08-29,05:14 AM,06:28 PM
2024-09-29,05:46 AM,05:35 PM
2024-10-29,06:20 AM,04:48 PM
2024-11-29,06:57 AM,04:21 PM
2024-12-29,07:18 AM,04:28 PM
2024-01-30,07:05 AM,05:03 PM
2024-03-30,05:36 AM,06:15 PM
2024-04-30,04:48 AM,06:49 PM
2024-05-30,04:19 AM,07:18 PM
2024-06-30,04:19 AM,07:30 PM
2024-07-30,04:43 AM,07:10 PM
2024-08-30,05:15 AM,06:26 PM
2024-09-30,05:47 AM,05:33 PM
2024-10-30,06:21 AM,04:47 PM
2024-11-30,06:58 AM,04:21 PM
2024-12-30,07:18 AM,04:29 PM
2024-01-31,07:05 AM,05:04 PM
2024-03-31,05:34 AM,06:16 PM
2024-05-31,04:18 AM,07:19 PM
2024-07-31,04:44 AM,07:09 PM
2024-08-31,05:16 AM,06:25 PM
2024-10-31,06:23 AM,04:45 PM
2024-12-31,07:18 AM,04:30 PM
